FID,Type
0,6
1,0
2,0
3,0
4,0
5,0
6,0
7,0
8,0
9,0
10,0
11,0
12,0
13,6
14,0
15,6
16,6
17,0
18,0
19,0
20,0
21,0
22,0
23,0
24,0
25,0
26,0
27,0
28,0
29,0
30,0
31,6
32,0
33,0
34,0
35,0
36,0
37,0
38,0
39,0
40,0
41,0
42,0
43,0
44,6
45,0
46,6
47,0
48,0
49,0
50,0
51,0
52,6
53,0
54,0
55,0
56,0
57,0
58,0
59,0
60,0
61,0
62,0
63,0
64,0
65,0
66,6
67,0
68,0
69,0
70,0
71,0
72,0
73,0
74,0
75,0
76,0
77,0
78,6
79,0
80,0
81,0
82,0
83,0
84,0
85,0
86,0
87,0
88,0
89,6
90,0
91,6
92,0
93,0
94,0
95,0
96,0
97,0
98,0
99,6
100,0
101,0
102,0
103,0
104,6
105,0
106,0
107,0
108,0
109,0
110,0
111,0
112,0
113,0
114,6
115,0
116,0
117,0
118,0
119,6
120,0
121,3
122,0
123,0
124,0
125,6
126,0
127,0
128,0
129,6
130,0
131,0
132,6
133,6
134,0
135,6
136,0
137,0
138,0
139,0
140,0
141,0
142,0
143,0
144,0
145,0
146,6
147,6
148,6
149,6
150,0
151,0
152,0
153,3
154,6
155,6
156,6
157,6
158,6
159,0
160,6
161,6
162,6
163,6
164,6
165,6
166,6
167,6
168,0
169,3
170,6
171,6
172,0
173,0
174,3
175,0
176,0
177,0
178,6
179,0
180,6
181,0
182,0
183,6
184,6
185,6
186,0
187,0
188,6
189,6
190,6
191,0
192,6
193,0
194,0
195,6
196,0
197,0
198,6
199,0
200,6
201,6
202,0
203,0
204,6
205,0
206,0
207,0
208,6
209,6
210,6
211,3
212,6
213,6
214,0
215,6
216,6
217,6
218,0
219,0
220,6
221,0
222,6
223,6
224,6
225,0
226,6
227,6
228,6
229,6
230,6
231,6
232,6
233,6
234,0
235,0
236,0
237,6
238,0
239,6
240,0
241,6
242,0
243,0
244,2
245,0
246,0
247,6
248,6
249,6
250,6
251,6
252,6
253,6
254,6
255,6
256,6
257,0
258,0
259,6
260,6
261,0
262,0
263,0
264,6
265,0
266,0
267,0
268,0
269,0
270,6
271,3
272,6
273,6
274,0
275,0
276,0
277,0
278,0
279,6
280,0
281,6
282,6
283,0
284,0
285,6
286,6
287,0
288,6
289,6
290,6
291,6
292,0
293,0
294,0
295,0
296,0
297,6
298,0
299,6
300,6
301,0
302,0
303,0
304,6
305,6
306,6
307,6
308,0
309,0
310,0
311,6
312,0
313,0
314,0
315,0
316,6
317,0
318,0
319,0
320,0
321,0
322,0
323,0
324,6
325,6
326,6
327,6
328,0
329,0
330,0
331,0
332,0
333,0
334,0
335,0
336,0
337,0
338,0
339,0
340,0
341,0
342,0
343,0
344,0
345,0
346,0
347,0
348,0
349,0
350,0
351,0
352,6
353,6
354,0
355,6
356,0
357,0
358,0
359,0
360,6
361,0
362,0
363,0
364,6
365,0
366,0
367,0
368,0
369,0
370,0
371,0
372,0
373,2
374,0
375,0
376,0
377,0
378,0
379,0
380,0
381,0
382,0
383,0
384,0
385,0
386,0
387,0
388,0
389,0
390,0
391,0
392,0
393,0
394,0
395,0
396,0
397,0
398,0
399,0
400,0
401,0
402,0
403,0
404,0
405,6
406,0
407,6
408,6
409,0
410,0
411,2
412,0
413,6
414,0
415,0
416,0
417,0
418,0
419,0
420,0
421,0
422,0
423,0
424,0
425,0
426,0
427,0
428,0
429,0
430,0
431,0
432,0
433,6
434,6
435,0
436,6
437,0
438,0
439,0
440,0
441,6
442,0
443,6
444,0
445,0
446,0
447,0
448,0
449,0
450,6
451,0
452,0
453,0
454,6
455,6
456,6
457,0
458,0
459,0
460,0
461,6
462,6
463,0
464,6
465,0
466,6
467,0
468,6
469,6
470,0
471,6
472,0
473,6
474,6
475,6
476,6
477,6
478,6
479,6
480,6
481,0
482,6
483,0
484,6
485,6
486,0
487,0
488,6
489,6
490,0
491,0
492,0
493,0
494,6
495,6
496,6
497,0
498,0
499,0
500,6
501,0
502,6
503,0
504,0
505,6
506,6
507,0
508,6
509,0
510,0
511,0
512,0
513,6
514,0
515,0
516,0
517,0
518,6
519,6
520,6
521,6
522,0
523,6
524,6
525,6
526,0
527,0
528,0
529,0
530,0
531,0
532,0
533,6
534,0
535,0
536,0
537,0
538,0
539,0
540,0
541,0
542,6
543,6
544,6
545,6
546,6
547,6
548,0
549,6
550,6
551,6
552,6
553,6
554,6
555,6
556,0
557,0
558,0
559,6
560,0
561,0
562,0
563,6
564,6
565,0
566,0
567,0
568,0
569,0
570,0
571,3
572,0
573,0
574,6
575,0
576,0
577,0
578,0
579,0
580,6
581,0
582,6
583,0
584,0
585,0
586,0
587,0
588,0
589,0
590,0
591,0
592,6
593,6
594,0
595,6
596,6
597,0
598,0
599,6
600,6
601,0
602,6
603,0
604,6
605,6
606,6
607,0
608,0
609,0
610,0
611,6
612,0
613,6
614,6
615,0
616,0
617,0
618,0
619,0
620,0
621,0
622,0
623,0
624,0
625,0
626,0
627,0
628,6
629,0
630,0
631,0
632,0
633,6
634,6
635,6
636,0
637,0
638,6
639,6
640,6
641,0
642,0
643,2
644,0
645,6
646,0
647,0
648,0
649,0
650,0
651,6
652,0
653,6
654,0
655,0
656,0
657,0
658,0
659,0
660,0
661,0
662,0
663,0
664,0
665,0
666,0
667,0
668,0
669,0
670,0
671,0
672,0
673,0
674,0
675,0
676,6
677,6
678,0
679,0
680,6
681,6
682,6
683,6
684,6
685,6
686,6
687,6
688,6
689,6
690,0
691,0
692,0
693,6
694,6
695,6
696,0
697,0
698,6
699,0
700,6
701,0
702,0
703,0
704,0
705,6
706,6
707,6
708,6
709,6
710,6
711,6
712,0
713,0
714,0
715,0
716,0
717,0
718,0
719,0
720,0
721,0
722,6
723,0
724,6
725,6
726,6
727,6
728,6
729,6
730,6
731,6
732,0
733,6
734,6
735,6
736,6
737,6
738,6
739,6
740,6
741,0
742,6
743,6
744,6
745,6
746,6
747,0
748,0
749,0
750,0
751,0
752,0
753,0
754,0
755,0
756,0
757,0
758,0
759,0
760,6
761,0
762,6
763,6
764,0
765,6
766,6
767,6
768,0
769,0
770,0
771,6
772,0
773,0
774,0
775,6
776,0
777,0
778,0
779,6
780,6
781,6
782,6
783,6
784,0
785,0
786,0
787,0
788,0
789,0
790,0
791,0
792,6
793,6
794,6
795,0
796,0
797,6
798,0
799,0
800,6
801,0
802,0
803,6
804,0
805,6
806,6
807,6
808,0
809,0
810,6
811,0
812,0
813,0
814,0
815,0
816,0
817,0
818,0
819,0
820,0
821,6
822,0
823,0
824,0
825,0
826,0
827,0
828,0
829,2
830,0
831,0
832,0
833,0
834,0
835,0
836,0
837,0
838,0
839,0
840,0
841,0
842,0
843,0
844,0
845,0
846,0
847,6
848,6
849,6
850,6
851,0
852,0
853,0
854,6
855,0
856,6
857,6
858,0
859,6
860,0
861,0
862,0
863,0
864,0
865,6
866,0
867,6
868,0
869,0
870,6
871,0
872,0
873,6
874,0
875,6
876,0
877,0
878,0
879,0
880,6
881,6
882,6
883,6
884,6
885,0
886,0
887,0
888,0
889,0
890,6
891,0
892,0
893,6
894,0
895,6
896,6
897,0
898,0
899,0
900,6
901,0
902,0
903,0
904,0
905,2
906,2
907,0
908,0
909,0
910,0
911,0
912,6
913,0
914,0
915,0
916,0
917,0
918,0
919,0
920,0
921,0
922,0
923,0
924,0
925,0
926,0
927,0
928,6
929,0
930,0
931,0
932,0
933,0
934,6
935,0
936,0
937,0
938,6
939,0
940,6
941,0
942,0
943,0
944,0
945,0
946,0
947,0
948,0
949,0
950,6
951,0
952,0
953,0
954,0
955,0
956,0
957,0
958,0
959,0
960,0
961,0
962,0
963,0
964,0
965,0
966,0
967,0
968,0
969,0
970,6
971,0
972,6
973,0
974,0
975,0
976,0
977,0
978,0
979,0
980,0
981,0
982,0
983,0
984,0
985,0
986,0
987,0
988,0
989,0
990,0
991,0
992,0
993,0
994,0
995,0
996,0
997,0
998,0
999,0
1000,0
1001,0
1002,0
1003,0
1004,0
1005,0
1006,0
1007,0
1008,0
1009,0
1010,0
1011,6
1012,0
1013,0
1014,0
1015,0
1016,0
1017,0
1018,0
1019,0
1020,0
1021,0
1022,0
1023,0
1024,0
1025,0
1026,0
1027,0
1028,6
1029,6
1030,0
1031,0
1032,0
1033,0
1034,0
1035,0
1036,0
1037,0
1038,0
1039,0
1040,0
1041,0
1042,0
1043,0
1044,0
1045,0
1046,0
1047,0
1048,0
1049,0
1050,0
1051,0
1052,0
1053,0
1054,0
1055,0
1056,0
1057,0
1058,0
1059,0
1060,0
1061,0
1062,0
1063,0
1064,6
1065,0
1066,0
1067,0
1068,0
1069,0
1070,0
1071,0
1072,0
1073,0
1074,0
1075,0
1076,0
1077,0
1078,0
1079,0
1080,0
1081,0
1082,0
1083,0
1084,0
1085,0
1086,0
1087,0
1088,0
1089,0
1090,0
1091,0
1092,0
1093,0
1094,0
1095,6
1096,0
1097,0
1098,6
1099,6
1100,6
1101,0
1102,6
1103,6
1104,0
1105,0
1106,0
1107,0
1108,0
1109,0
1110,0
1111,0
1112,0
1113,0
1114,0
1115,0
1116,0
1117,0
1118,0
1119,0
1120,0
1121,0
1122,0
1123,0
1124,0
1125,0
1126,0
1127,0
1128,0
1129,0
1130,0
1131,0
1132,0
1133,0
1134,0
1135,0
1136,6
1137,0
1138,0
1139,0
1140,0
1141,0
1142,0
1143,0
1144,0
1145,0
1146,0
1147,0
1148,0
1149,0
1150,0
1151,0
1152,0
1153,0
1154,6
1155,0
1156,0
1157,6
1158,0
1159,0
1160,0
1161,0
1162,0
1163,0
1164,0
1165,6
1166,0
1167,0
1168,0
1169,0
1170,0
1171,0
1172,0
1173,0
1174,0
1175,0
1176,0
1177,0
1178,0
1179,0
1180,0
1181,0
1182,0
1183,0
1184,6
1185,3
1186,6
1187,0
1188,0
1189,0
1190,0
1191,0
1192,6
1193,0
1194,0
1195,0
1196,0
1197,0
1198,0
1199,0
1200,6
1201,6
1202,0
1203,6
1204,0
1205,6
1206,0
1207,0
1208,0
1209,0
1210,0
1211,0
1212,6
1213,6
1214,6
1215,0
1216,6
1217,6
1218,6
1219,6
1220,6
1221,0
1222,0
1223,0
1224,6
1225,0
1226,0
1227,0
1228,0
1229,6
1230,6
1231,0
1232,0
1233,0
1234,6
1235,0
1236,6
1237,0
1238,6
1239,0
1240,6
1241,6
1242,0
1243,0
1244,0
1245,0
1246,0
1247,0
1248,6
1249,0
1250,0
1251,0
1252,0
1253,0
1254,0
1255,0
1256,0
1257,0
1258,0
1259,0
1260,0
1261,0
1262,6
1263,0
1264,6
1265,0
1266,0
1267,0
1268,0
1269,0
1270,0
1271,0
1272,0
1273,0
1274,0
1275,6
1276,0
1277,0
1278,0
1279,0
1280,6
1281,0
1282,0
1283,0
1284,6
1285,0
1286,6
1287,0
1288,0
1289,6
1290,6
1291,0
1292,0
1293,6
1294,0
1295,6
1296,0
1297,0
1298,6
1299,0
1300,6
1301,0
1302,0
1303,6
1304,6
1305,0
1306,6
1307,0
1308,0
1309,0
1310,0
1311,0
1312,0
1313,6
1314,6
1315,6
1316,0
1317,0
1318,6
1319,3
1320,0
1321,0
1322,0
1323,6
1324,0
1325,0
1326,6
1327,6
1328,0
1329,0
1330,0
1331,0
1332,0
1333,0
1334,6
1335,6
1336,0
1337,0
1338,0
1339,6
1340,6
1341,6
1342,0
1343,0
1344,0
1345,0
1346,0
1347,6
1348,0
1349,0
1350,0
1351,0
1352,0
1353,0
1354,0
1355,0
1356,6
1357,0
1358,0
1359,6
1360,0
1361,3
1362,0
1363,0
1364,6
1365,0
1366,0
1367,0
1368,0
1369,0
1370,6
1371,0
1372,6
1373,0
1374,6
1375,0
1376,0
1377,0
1378,6
1379,6
1380,6
1381,0
1382,6
1383,6
1384,0
1385,0
1386,0
1387,6
1388,6
1389,6
1390,6
1391,6
1392,6
1393,0
1394,6
1395,6
1396,6
1397,6
1398,0
1399,0
1400,6
1401,0
1402,6
1403,0
1404,6
1405,0
1406,0
1407,0
1408,0
1409,6
1410,6
1411,6
1412,6
1413,0
1414,0
1415,0
1416,0
1417,0
1418,0
1419,0
1420,0
1421,0
1422,0
1423,0
1424,0
1425,0
1426,0
1427,0
1428,0
1429,6
1430,0
1431,6
1432,3
1433,0
1434,0
1435,0
1436,6
1437,0
1438,0
1439,0
1440,0
1441,0
1442,0
1443,0
1444,0
1445,0
1446,0
1447,0
1448,6
1449,0
1450,0
1451,0
1452,0
1453,0
1454,0
1455,0
1456,0
1457,0
1458,0
1459,0
1460,6
1461,0
1462,0
1463,0
1464,0
1465,6
1466,0
1467,0
1468,0
1469,0
1470,0
1471,0
1472,6
1473,0
1474,0
1475,0
1476,0
1477,6
1478,0
1479,0
1480,0
1481,0
1482,0
1483,0
1484,0
1485,0
1486,0
1487,0
1488,0
1489,0
1490,0
1491,0
1492,0
1493,0
1494,0
1495,0
1496,0
1497,0
1498,0
1499,6
1500,0
1501,0
1502,0
1503,0
1504,0
1505,0
1506,0
1507,0
1508,0
1509,3
1510,0
1511,0
1512,0
1513,0
1514,0
1515,0
1516,0
1517,0
1518,0
1519,6
1520,0
1521,0
1522,0
1523,0
1524,0
1525,0
1526,0
1527,0
1528,0
1529,0
1530,0
1531,6
1532,0
1533,0
1534,0
1535,0
1536,6
1537,0
1538,0
1539,0
1540,0
1541,0
1542,6
1543,0
1544,0
1545,0
1546,0
1547,0
1548,0
1549,0
1550,0
1551,0
1552,0
1553,0
1554,0
1555,0
1556,6
1557,0
1558,0
1559,0
1560,0
1561,0
1562,0
1563,0
1564,0
1565,0
1566,0
1567,0
1568,0
1569,0
1570,0
1571,6
1572,0
1573,6
1574,0
1575,6
1576,6
1577,0
1578,0
1579,3
1580,0
1581,0
1582,0
1583,0
1584,0
1585,0
1586,0
1587,0
1588,6
1589,0
1590,0
1591,0
1592,0
1593,0
1594,0
1595,0
1596,3
1597,6
1598,0
1599,6
1600,0
1601,6
1602,0
1603,0
1604,0
1605,0
1606,0
1607,0
1608,0
1609,0
1610,0
1611,0
1612,0
1613,0
1614,0
1615,6
1616,0
1617,0
1618,0
1619,0
1620,0
1621,0
1622,0
1623,0
1624,0
1625,0
1626,0
1627,0
1628,0
1629,0
1630,0
1631,0
1632,0
1633,0
1634,0
1635,0
1636,0
1637,0
1638,0
1639,0
1640,0
1641,0
1642,0
1643,6
1644,6
1645,0
1646,6
1647,0
1648,0
1649,6
1650,0
1651,0
1652,0
1653,2
1654,6
1655,6
1656,0
1657,6
1658,6
1659,6
1660,6
1661,6
1662,0
1663,6
1664,6
1665,0
1666,0
1667,0
1668,0
1669,0
1670,0
1671,6
1672,0
1673,0
1674,0
1675,0
1676,0
1677,0
1678,0
1679,0
1680,0
1681,0
1682,0
1683,0
1684,0
1685,0
1686,0
1687,6
1688,0
1689,0
1690,0
1691,6
1692,0
1693,6
1694,0
1695,0
1696,6
1697,0
1698,0
1699,6
1700,0
1701,0
1702,6
1703,0
1704,0
1705,0
1706,0
1707,0
1708,0
1709,0
1710,0
1711,0
1712,0
1713,6
1714,0
1715,0
1716,6
1717,6
1718,0
1719,0
1720,0
1721,0
1722,0
1723,0
1724,0
1725,0
1726,0
1727,0
1728,0
1729,6
1730,0
1731,0
1732,0
1733,6
1734,0
1735,0
1736,0
1737,0
1738,0
1739,0
1740,0
1741,0
1742,0
1743,3
1744,0
1745,6
1746,6
1747,0
1748,6
1749,6
1750,6
1751,6
1752,6
1753,6
1754,0
1755,6
1756,0
1757,0
1758,0
1759,0
1760,0
1761,0
1762,0
1763,6
1764,6
1765,0
1766,6
1767,0
1768,0
1769,0
1770,0
1771,0
1772,0
1773,0
1774,0
1775,0
1776,0
1777,0
1778,0
1779,0
1780,0
1781,0
1782,0
1783,0
1784,0
1785,0
1786,0
1787,0
1788,6
1789,0
1790,0
1791,0
1792,0
1793,0
1794,0
1795,0
1796,0
1797,0
1798,0
1799,0
1800,0
1801,0
1802,0
1803,0
1804,0
1805,0
1806,6
1807,0
1808,0
1809,0
1810,0
1811,0
1812,0
1813,6
1814,0
1815,0
1816,0
1817,0
1818,0
1819,0
1820,0
1821,0
1822,0
1823,0
1824,0
1825,0
1826,0
1827,0
1828,6
1829,0
1830,0
1831,6
1832,0
1833,6
1834,6
1835,0
1836,6
1837,0
1838,6
1839,6
1840,0
1841,6
1842,6
1843,6
1844,6
1845,6
1846,0
1847,0
1848,0
1849,0
1850,0
1851,6
1852,0
1853,0
1854,0
1855,0
1856,6
1857,0
1858,0
1859,0
1860,0
1861,6
1862,0
1863,6
1864,0
1865,6
1866,0
1867,0
1868,0
1869,0
1870,0
1871,0
1872,0
1873,6
1874,6
1875,0
1876,0
1877,0
1878,0
1879,0
1880,6
1881,0
1882,6
1883,0
1884,0
1885,0
1886,0
1887,0
1888,6
1889,0
1890,6
1891,6
1892,6
1893,0
1894,0
1895,0
1896,0
1897,6
1898,0
1899,0
1900,6
1901,0
1902,0
1903,0
1904,6
1905,0
1906,0
1907,0
1908,6
1909,0
1910,0
1911,3
1912,0
1913,6
1914,0
1915,0
1916,0
1917,0
1918,0
1919,0
1920,0
1921,0
1922,0
1923,0
1924,6
1925,0
1926,0
1927,6
1928,0
1929,6
1930,0
1931,0
1932,0
1933,0
1934,6
1935,0
1936,0
1937,0
1938,6
1939,0
1940,0
1941,6
1942,6
1943,6
1944,6
1945,0
1946,0
1947,6
1948,0
1949,0
1950,0
1951,6
1952,0
1953,6
1954,0
1955,0
1956,6
1957,0
1958,0
1959,0
1960,6
1961,0
1962,0
1963,3
1964,0
1965,0
1966,0
1967,0
1968,6
1969,6
1970,6
1971,6
1972,3
1973,0
1974,3
1975,3
1976,0
1977,3
1978,0
1979,0
1980,0
1981,0
1982,0
1983,0
1984,0
1985,0
1986,0
1987,0
1988,0
1989,0
1990,0
1991,0
1992,0
1993,0
1994,3
1995,0
1996,0
1997,6
1998,0
1999,0
2000,0
2001,0
2002,0
2003,0
2004,0
2005,0
2006,0
2007,0
2008,0
2009,0
2010,0
2011,3
2012,0
2013,0
2014,0
2015,0
2016,0
2017,0
2018,0
2019,0
2020,0
2021,0
2022,0
2023,0
2024,0
2025,0
2026,0
2027,0
2028,0
2029,0
2030,3
2031,0
2032,0
2033,0
2034,0
2035,0
2036,0
2037,0
2038,0
2039,0
2040,0
2041,0
2042,0
2043,0
2044,0
2045,0
2046,0
2047,0
2048,0
2049,0
2050,0
2051,0
2052,0
2053,0
2054,0
2055,0
2056,0
2057,0
2058,0
2059,0
2060,0
2061,0
2062,0
2063,0
2064,0
2065,0
2066,0
2067,0
2068,0
2069,0
2070,0
2071,0
2072,0
2073,0
2074,0
2075,0
2076,0
2077,0
2078,0
2079,0
2080,0
2081,0
2082,0
2083,0
2084,0
2085,0
2086,0
2087,0
2088,0
2089,0
2090,0
2091,0
2092,0
2093,0
2094,0
2095,0
2096,0
2097,0
2098,0
2099,0
2100,0
2101,0
2102,0
2103,0
2104,0
2105,0
2106,0
2107,0
2108,0
2109,0
2110,6
2111,0
2112,0
2113,0
2114,0
2115,0
2116,0
2117,0
2118,0
2119,0
2120,0
2121,0
2122,0
2123,0
2124,0
2125,0
2126,0
2127,0
2128,0
2129,0
2130,0
2131,0
2132,0
2133,0
2134,0
2135,0
2136,0
2137,0
2138,0
2139,0
2140,0
2141,0
2142,0
2143,0
2144,0
2145,0
2146,0
2147,0
2148,0
2149,0
2150,0
2151,0
2152,0
2153,0
2154,0
2155,0
2156,0
2157,0
2158,0
2159,0
2160,0
2161,0
2162,0
2163,0
2164,0
2165,0
2166,0
2167,0
2168,0
2169,0
2170,0
2171,0
2172,0
2173,0
2174,0
2175,0
2176,0
2177,0
2178,0
2179,0
2180,6
2181,0
2182,0
2183,0
2184,0
2185,0
2186,6
2187,0
2188,0
2189,0
2190,0
2191,0
2192,0
2193,0
2194,0
2195,6
2196,0
2197,0
2198,0
2199,0
2200,0
2201,0
2202,0
2203,0
2204,0
2205,0
2206,0
2207,0
2208,6
2209,0
2210,0
2211,0
2212,6
2213,0
2214,0
2215,0
2216,0
2217,0
2218,0
2219,0
2220,0
2221,0
2222,0
2223,0
2224,0
2225,0
2226,0
2227,0
2228,0
2229,0
2230,0
2231,0
2232,0
2233,0
2234,0
2235,0
2236,0
2237,0
2238,0
2239,0
2240,0
2241,0
2242,0
2243,0
2244,6
2245,0
2246,0
2247,0
2248,0
2249,0
2250,0
2251,0
2252,0
2253,0
2254,0
2255,0
2256,0
2257,0
2258,0
2259,0
2260,0
2261,2
2262,0
2263,0
2264,6
2265,0
2266,0
2267,0
2268,0
2269,0
2270,0
2271,0
2272,0
2273,0
2274,0
2275,0
2276,0
2277,0
2278,0
2279,0
2280,0
2281,0
2282,0
2283,0
2284,0
2285,0
2286,0
2287,0
2288,0
2289,6
2290,6
2291,0
2292,0
2293,6
2294,0
2295,0
2296,0
2297,0
2298,0
2299,2
2300,2
2301,0
2302,0
2303,0
2304,0
2305,0
2306,6
2307,0
2308,0
2309,0
2310,0
2311,0
2312,0
2313,0
2314,0
2315,0
2316,0
2317,0
2318,0
2319,0
2320,0
2321,0
2322,0
2323,0
2324,0
2325,0
2326,0
2327,0
2328,0
2329,0
2330,0
2331,0
2332,0
2333,0
2334,0
2335,0
2336,0
2337,0
2338,0
2339,0
2340,0
2341,0
2342,0
2343,0
2344,0
2345,2
2346,6
2347,0
2348,6
2349,0
2350,0
2351,0
2352,0
2353,0
2354,0
2355,0
2356,0
2357,0
2358,0
2359,0
2360,0
2361,0
2362,0
2363,0
2364,0
2365,0
2366,0
2367,6
2368,0
2369,0
2370,0
2371,0
2372,0
2373,0
2374,0
2375,0
2376,0
2377,0
2378,0
2379,0
2380,0
2381,0
2382,0
2383,0
2384,0
2385,0
2386,0
2387,0
2388,0
2389,0
2390,6
2391,0
2392,6
2393,0
2394,6
2395,0
2396,0
2397,0
2398,0
2399,0
2400,0
2401,0
2402,0
2403,0
2404,0
2405,0
2406,0
2407,0
2408,6
2409,0
2410,6
2411,6
2412,0
2413,0
2414,0
2415,0
2416,0
2417,0
2418,0
2419,0
2420,0
2421,0
2422,0
2423,0
2424,0
2425,0
2426,0
2427,0
2428,0
2429,0
2430,0
2431,0
2432,0
2433,0
2434,0
2435,0
2436,0
2437,0
2438,0
2439,0
2440,6
2441,6
2442,0
2443,0
2444,0
2445,0
2446,0
2447,0
2448,0
2449,0
2450,0
2451,0
2452,0
2453,0
2454,0
2455,0
2456,0
2457,0
2458,0
2459,6
2460,0
2461,0
2462,0
2463,0
2464,0
2465,6
2466,6
2467,6
2468,6
2469,6
2470,6
2471,6
2472,6
2473,6
2474,6
2475,0
2476,0
2477,0
2478,0
2479,0
2480,0
2481,6
2482,0
2483,0
2484,0
2485,0
2486,0
2487,0
2488,0
2489,0
2490,0
2491,0
2492,0
2493,0
2494,3
2495,0
2496,0
2497,0
2498,6
2499,0
2500,0
2501,0
2502,0
2503,0
2504,0
2505,0
2506,0
2507,0
2508,0
2509,0
2510,2
2511,0
2512,6
2513,0
2514,0
2515,6
2516,0
2517,6
2518,3
2519,0
2520,6
2521,0
2522,6
2523,0
2524,0
2525,0
2526,0
2527,0
2528,6
2529,0
2530,6
2531,6
2532,0
2533,0
2534,3
2535,0
2536,0
2537,6
2538,0
2539,3
2540,0
2541,0
2542,0
2543,6
2544,3
2545,0
2546,0
2547,6
2548,0
2549,6
2550,6
2551,6
2552,6
2553,6
2554,6
2555,0
2556,0
2557,0
2558,0
2559,6
2560,0
2561,0
2562,6
2563,6
2564,0
2565,0
2566,0
2567,0
2568,0
2569,0
2570,0
2571,0
2572,0
2573,0
2574,0
2575,0
2576,0
2577,0
2578,0
2579,0
2580,0
2581,0
2582,0
2583,0
2584,0
2585,0
2586,0
2587,6
2588,6
2589,0
2590,0
2591,0
2592,0
2593,0
2594,0
2595,6
2596,0
2597,0
2598,6
2599,0
2600,0
2601,0
2602,0
2603,0
2604,0
2605,0
2606,0
2607,0
2608,6
2609,0
2610,0
2611,0
2612,0
2613,0
2614,0
2615,0
2616,6
2617,0
2618,6
2619,0
2620,0
2621,0
2622,0
2623,0
2624,0
2625,6
2626,0
2627,0
2628,0
2629,0
2630,0
2631,0
2632,0
2633,6
2634,0
2635,6
2636,0
2637,6
2638,3
2639,6
2640,0
2641,0
2642,0
2643,0
2644,0
2645,0
2646,3
2647,6
2648,0
2649,0
2650,0
2651,0
2652,0
2653,0
2654,0
2655,0
2656,0
2657,0
2658,0
2659,6
2660,0
2661,0
2662,0
2663,0
2664,0
2665,0
2666,0
2667,0
2668,0
2669,0
2670,0
2671,0
2672,0
2673,0
2674,0
2675,0
2676,0
2677,0
2678,0
2679,0
2680,0
2681,0
2682,0
2683,0
2684,0
2685,0
2686,3
2687,0
2688,0
2689,6
2690,0
2691,0
2692,0
2693,0
2694,0
2695,0
2696,0
2697,0
2698,0
2699,0
2700,6
2701,0
2702,0
2703,0
2704,0
2705,0
2706,0
2707,0
2708,0
2709,0
2710,0
2711,0
2712,0
2713,0
2714,0
2715,0
2716,0
2717,0
2718,0
2719,0
2720,0
2721,0
2722,0
2723,0
2724,0
2725,6
2726,6
2727,0
2728,0
2729,0
2730,0
2731,0
2732,0
2733,0
2734,0
2735,0
2736,0
2737,0
2738,0
2739,0
2740,0
2741,0
2742,0
2743,0
2744,0
2745,0
2746,0
2747,0
2748,0
2749,0
2750,0
2751,0
2752,0
2753,0
2754,0
2755,0
2756,0
2757,0
2758,0
2759,0
2760,0
2761,0
2762,0
2763,0
2764,0
2765,0
2766,0
2767,0
2768,0
2769,0
2770,0
2771,0
2772,0
2773,0
2774,0
2775,0
2776,0
2777,0
2778,0
2779,0
2780,0
2781,0
2782,6
2783,0
2784,0
2785,0
2786,0
2787,0
2788,6
2789,0
2790,0
2791,0
2792,0
2793,0
2794,6
2795,0
2796,0
2797,0
2798,0
2799,0
2800,0
2801,0
2802,0
2803,0
2804,0
2805,0
2806,0
2807,0
2808,0
2809,0
2810,0
2811,6
2812,0
2813,0
2814,0
2815,6
2816,6
2817,0
2818,0
2819,0
2820,0
2821,0
2822,0
2823,0
2824,0
2825,0
2826,0
2827,0
2828,0
2829,0
2830,0
2831,0
2832,0
2833,0
2834,0
2835,0
2836,0
2837,0
2838,0
2839,0
2840,6
2841,0
2842,0
2843,0
2844,0
2845,0
2846,0
2847,0
2848,0
2849,0
2850,6
2851,6
2852,0
2853,0
2854,0
2855,0
2856,0
2857,0
2858,6
2859,0
2860,0
2861,0
2862,0
2863,0
2864,0
2865,0
2866,0
2867,6
2868,0
2869,0
2870,0
2871,0
2872,0
2873,6
2874,0
2875,0
2876,0
2877,0
2878,0
2879,0
2880,0
2881,6
2882,0
2883,0
2884,0
2885,0
2886,0
2887,0
2888,0
2889,0
2890,0
2891,0
2892,0
2893,0
2894,0
2895,0
2896,0
2897,0
2898,0
2899,0
2900,0
2901,0
2902,0
2903,0
2904,0
2905,0
2906,0
2907,0
2908,0
2909,0
2910,0
2911,0
2912,0
2913,0
2914,0
2915,0
2916,0
2917,0
2918,0
2919,0
2920,0
2921,0
2922,0
2923,0
2924,0
2925,0
2926,0
2927,0
2928,0
2929,0
2930,0
2931,0
2932,0
2933,0
2934,0
2935,0
2936,0
2937,0
2938,0
2939,0
2940,0
2941,0
2942,0
2943,0
2944,0
2945,0
2946,0
2947,0
2948,0
2949,0
2950,0
2951,0
2952,0
2953,0
2954,0
2955,0
2956,0
2957,0
2958,0
2959,0
2960,0
2961,0
2962,0
2963,0
2964,0
2965,0
2966,0
2967,0
2968,0
2969,6
2970,0
2971,0
2972,0
2973,0
2974,0
2975,0
2976,0
2977,0
2978,0
2979,0
2980,0
2981,6
2982,6
2983,0
2984,0
2985,0
2986,0
2987,0
2988,0
2989,0
2990,0
2991,0
2992,6
2993,0
2994,0
2995,0
2996,0
2997,0
2998,0
2999,0
3000,0
3001,0
3002,0
3003,0
3004,0
3005,0
3006,0
3007,0
3008,0
3009,0
3010,0
3011,0
3012,0
3013,0
3014,0
3015,0
3016,0
3017,0
3018,0
3019,0
3020,0
3021,0
3022,0
3023,0
3024,0
3025,0
3026,0
3027,0
3028,0
3029,0
3030,0
3031,0
3032,0
3033,0
3034,0
3035,0
3036,0
3037,0
3038,6
3039,0
3040,0
3041,0
3042,0
3043,0
3044,0
3045,0
3046,0
3047,0
3048,0
3049,0
3050,0
3051,0
3052,6
3053,6
3054,0
3055,0
3056,0
3057,6
3058,0
3059,0
3060,3
3061,0
3062,0
3063,0
3064,0
3065,6
3066,0
3067,6
3068,0
3069,0
3070,0
3071,0
3072,0
3073,0
3074,0
3075,0
3076,0
3077,0
3078,0
3079,0
3080,0
3081,0
3082,0
3083,0
3084,0
3085,0
3086,0
3087,0
3088,0
3089,0
3090,6
3091,6
3092,0
3093,0
3094,0
3095,0
3096,0
3097,6
3098,0
3099,0
3100,0
3101,0
3102,0
3103,2
3104,0
3105,0
3106,0
3107,0
3108,0
3109,3
3110,0
3111,6
3112,0
3113,6
3114,0
3115,0
3116,0
3117,0
3118,0
3119,0
3120,0
3121,0
3122,0
3123,0
3124,0
3125,0
3126,0
3127,0
3128,0
3129,6
3130,0
3131,0
3132,0
3133,0
3134,0
3135,0
3136,0
3137,0
3138,0
3139,0
3140,0
3141,3
3142,0
3143,0
3144,0
3145,0
3146,0
3147,0
3148,0
3149,0
3150,0
3151,0
3152,0
3153,0
3154,6
3155,6
3156,0
3157,0
3158,0
3159,0
3160,0
3161,0
3162,0
3163,0
3164,6
3165,0
3166,0
3167,0
3168,2
3169,2
3170,0
3171,0
3172,0
3173,0
3174,0
3175,0
3176,0
3177,0
3178,0
3179,0
3180,0
3181,0
3182,0
3183,0
3184,6
3185,0
3186,0
3187,0
3188,0
3189,6
3190,6
3191,6
3192,6
3193,6
3194,6
3195,0
3196,6
3197,6
3198,6
3199,6
3200,6
3201,6
3202,6
3203,6
3204,6
3205,6
3206,6
3207,6
3208,6
3209,6
3210,6
3211,6
3212,6
3213,6
3214,0
3215,0
3216,0
3217,0
3218,0
3219,0
3220,0
3221,0
3222,0
3223,0
3224,0
3225,0
3226,0
3227,0
3228,0
3229,0
3230,0
3231,0
3232,0
3233,3
3234,0
3235,0
3236,6
3237,6
3238,0
3239,0
3240,6
3241,0
3242,0
3243,0
3244,0
3245,0
3246,0
3247,0
3248,0
3249,0
3250,0
3251,0
3252,0
3253,0
3254,0
3255,6
3256,0
3257,0
3258,6
3259,0
3260,0
3261,0
3262,0
3263,0
3264,0
3265,0
3266,0
3267,0
3268,0
3269,0
3270,0
3271,0
3272,0
3273,0
3274,0
3275,0
3276,0
3277,0
3278,0
3279,0
3280,0
3281,0
3282,0
3283,0
3284,0
3285,0
3286,0
3287,0
3288,0
3289,0
3290,6
3291,0
3292,0
3293,0
3294,0
3295,0
3296,0
3297,6
3298,6
3299,0
3300,0
3301,6
3302,0
3303,0
3304,0
3305,6
3306,6
3307,6
3308,6
3309,0
3310,6
3311,6
3312,0
3313,0
3314,6
3315,6
3316,0
3317,0
3318,0
3319,0
3320,0
3321,0
3322,6
3323,6
3324,6
3325,0
3326,6
3327,0
3328,0
3329,6
3330,6
3331,6
3332,0
3333,6
3334,6
3335,0
3336,0
3337,0
3338,6
3339,0
3340,0
3341,6
3342,0
3343,0
3344,0
3345,0
3346,0
3347,0
3348,0
3349,0
3350,0
3351,6
3352,2
3353,0
3354,0
3355,0
3356,0
3357,6
3358,0
3359,0
3360,6
3361,0
3362,0
3363,0
3364,0
3365,0
3366,0
3367,0
3368,0
3369,6
3370,0
3371,0
3372,0
3373,0
3374,6
3375,6
3376,6
3377,0
3378,6
3379,0
3380,0
3381,0
3382,0
3383,0
3384,6
3385,6
3386,0
3387,0
3388,6
3389,6
3390,6
3391,0
3392,6
3393,0
3394,0
3395,0
3396,6
3397,0
3398,0
3399,0
3400,0
3401,0
3402,0
3403,2
3404,0
3405,0
3406,0
3407,0
3408,0
3409,6
3410,6
3411,0
3412,6
3413,0
3414,0
3415,6
3416,0
3417,0
3418,0
3419,0
3420,0
3421,0
3422,0
3423,0
3424,0
3425,0
3426,0
3427,0
3428,0
3429,0
3430,6
3431,0
3432,0
3433,0
3434,0
3435,0
3436,0
3437,0
3438,0
3439,0
3440,0
3441,0
3442,0
3443,6
3444,0
3445,6
3446,6
3447,0
3448,0
3449,0
3450,0
3451,0
3452,0
3453,0
3454,0
3455,0
3456,6
3457,0
3458,0
3459,0
3460,6
3461,0
3462,0
3463,0
3464,0
3465,6
3466,6
3467,6
3468,0
3469,0
3470,6
3471,6
3472,6
3473,0
3474,0
3475,0
3476,0
3477,0
3478,6
3479,6
3480,0
3481,6
3482,0
3483,6
3484,0
3485,6
3486,6
3487,6
3488,6
3489,0
3490,0
3491,0
3492,6
3493,6
3494,0
3495,0
3496,0
3497,0
3498,0
3499,0
3500,0
3501,6
3502,0
3503,0
3504,6
3505,0
3506,6
3507,0
3508,0
3509,0
3510,0
3511,0
3512,0
3513,6
3514,0
3515,6
3516,6
3517,0
3518,0
3519,6
3520,6
3521,0
3522,0
3523,0
3524,6
3525,0
3526,6
3527,6
3528,6
3529,6
3530,0
3531,6
3532,0
3533,6
3534,6
3535,0
3536,0
3537,0
3538,0
3539,0
3540,6
3541,0
3542,6
3543,0
3544,6
3545,0
3546,6
3547,6
3548,6
3549,6
3550,3
3551,3
3552,0
3553,0
3554,3
3555,0
3556,0
3557,0
3558,6
3559,0
3560,0
3561,6
3562,6
3563,6
3564,0
3565,6
3566,0
3567,0
3568,0
3569,0
3570,0
3571,6
3572,0
3573,0
3574,0
3575,0
3576,0
3577,0
3578,0
3579,6
3580,0
3581,6
3582,0
3583,0
3584,0
3585,0
3586,3
3587,0
3588,0
3589,6
3590,0
3591,0
3592,0
3593,0
3594,0
3595,0
3596,0
3597,0
3598,0
3599,6
3600,0
3601,0
3602,0
3603,6
3604,0
3605,0
3606,0
3607,0
3608,0
3609,0
3610,0
3611,6
3612,0
3613,6
3614,6
3615,0
3616,0
3617,0
3618,0
3619,6
3620,6
3621,6
3622,6
3623,0
3624,0
3625,6
3626,0
3627,6
3628,0
3629,6
3630,0
3631,0
3632,0
3633,0
3634,6
3635,6
3636,0
3637,6
3638,6
3639,0
3640,6
3641,6
3642,6
3643,6
3644,0
3645,6
3646,6
3647,0
3648,3
3649,0
3650,2
3651,0
3652,0
3653,0
3654,0
3655,0
3656,0
3657,0
3658,0
3659,0
3660,0
3661,0
3662,6
3663,0
3664,0
3665,6
3666,0
3667,0
3668,0
3669,0
3670,0
3671,0
3672,6
3673,6
3674,0
3675,0
3676,0
3677,6
3678,0
3679,2
3680,6
3681,2
3682,2
3683,6
3684,6
3685,2
3686,2
3687,2
3688,2
3689,0
3690,2
3691,0
3692,0
3693,0
3694,0
3695,0
3696,6
3697,0
3698,0
3699,6
3700,0
3701,0
3702,0
3703,0
3704,0
3705,0
3706,0
3707,0
3708,0
3709,0
3710,0
3711,0
3712,0
3713,0
3714,0
3715,0
3716,0
3717,0
3718,0
3719,0
3720,0
3721,0
3722,0
3723,0
3724,0
3725,0
3726,0
3727,0
3728,0
3729,0
3730,0
3731,0
3732,0
3733,0
3734,0
3735,0
3736,0
3737,0
3738,0
3739,0
3740,0
3741,0
3742,0
3743,0
3744,0
3745,0
3746,0
3747,0
3748,0
3749,0
3750,0
3751,0
3752,0
3753,0
3754,0
3755,0
3756,0
3757,0
3758,0
3759,0
3760,6
3761,0
3762,0
3763,0
3764,0
3765,0
3766,0
3767,0
3768,0
3769,0
3770,0
3771,0
3772,0
3773,0
3774,6
3775,0
3776,0
3777,0
3778,0
3779,0
3780,0
3781,0
3782,0
3783,0
3784,0
3785,0
3786,0
3787,0
3788,0
3789,0
3790,0
3791,0
3792,6
3793,0
3794,0
3795,0
3796,0
3797,0
3798,0
3799,0
3800,0
3801,0
3802,0
3803,0
3804,0
3805,0
3806,0
3807,0
3808,0
3809,0
3810,0
3811,0
3812,0
3813,0
3814,0
3815,0
3816,0
3817,6
3818,0
3819,0
3820,0
3821,0
3822,0
3823,0
3824,0
3825,0
3826,6
3827,6
3828,6
3829,0
3830,6
3831,0
3832,0
3833,0
3834,0
3835,0
3836,0
3837,0
3838,0
3839,0
3840,0
3841,6
3842,0
3843,0
3844,0
3845,0
3846,0
3847,6
3848,0
3849,0
3850,0
3851,0
3852,0
3853,0
3854,0
3855,0
3856,0
3857,0
3858,0
3859,0
3860,0
3861,0
3862,0
3863,0
3864,0
3865,0
3866,0
3867,2
3868,0
3869,0
3870,0
3871,0
3872,6
3873,0
3874,0
3875,0
3876,0
3877,0
3878,0
3879,0
3880,0
3881,0
3882,0
3883,0
3884,0
3885,0
3886,0
3887,0
3888,0
3889,0
3890,0
3891,0
3892,0
3893,0
3894,0
3895,0
3896,0
3897,0
3898,0
3899,0
3900,0
3901,6
3902,0
3903,0
3904,0
3905,0
3906,0
3907,0
3908,0
3909,6
3910,0
3911,0
3912,0
3913,0
3914,6
3915,6
3916,0
3917,0
3918,0
3919,6
3920,0
3921,0
3922,6
3923,6
3924,6
3925,0
3926,0
3927,0
3928,0
3929,0
3930,0
3931,6
3932,6
3933,6
3934,0
3935,0
3936,0
3937,0
3938,0
3939,6
3940,0
3941,0
3942,6
3943,0
3944,0
3945,0
3946,0
3947,0
3948,0
3949,0
3950,0
3951,6
3952,3
3953,0
3954,0
3955,0
3956,0
3957,0
3958,0
3959,0
3960,0
3961,6
3962,0
3963,6
3964,0
3965,6
3966,0
3967,6
3968,0
3969,6
3970,0
3971,0
3972,0
3973,0
3974,0
3975,0
3976,6
3977,0
3978,0
3979,0
3980,0
3981,0
3982,0
3983,0
3984,0
3985,0
3986,0
3987,0
3988,0
3989,0
3990,0
3991,0
3992,0
3993,0
3994,0
3995,0
3996,0
3997,0
3998,6
3999,0
4000,0
4001,3
4002,0
4003,0
4004,0
4005,6
4006,6
4007,6
4008,6
4009,6
4010,0
4011,0
4012,6
4013,0
4014,6
4015,6
4016,0
4017,0
4018,0
4019,6
4020,6
4021,6
4022,6
4023,6
4024,0
4025,0
4026,6
4027,6
4028,6
4029,0
4030,0
4031,0
4032,0
4033,0
4034,0
4035,6
4036,0
4037,0
4038,0
4039,0
4040,0
4041,0
4042,0
4043,0
4044,0
4045,0
4046,0
4047,0
4048,0
4049,0
4050,0
4051,6
4052,0
4053,0
4054,0
4055,0
4056,0
4057,0
4058,0
4059,0
4060,0
4061,0
4062,0
4063,0
4064,0
4065,0
4066,0
4067,0
4068,6
4069,0
4070,6
4071,6
4072,6
4073,0
4074,2
4075,0
4076,0
4077,6
4078,6
4079,6
4080,0
4081,0
4082,6
4083,6
4084,0
4085,0
4086,0
4087,0
4088,0
4089,0
4090,0
4091,0
4092,0
4093,0
4094,0
4095,0
4096,0
4097,0
4098,0
4099,0
4100,0
4101,0
4102,6
4103,6
4104,0
4105,6
4106,0
4107,0
4108,0
4109,6
4110,0
4111,6
4112,0
4113,0
4114,0
4115,6
4116,0
4117,0
4118,0
4119,0
4120,0
4121,0
4122,0
4123,6
4124,0
4125,0
4126,0
4127,0
4128,0
4129,0
4130,0
4131,6
4132,0
4133,0
4134,0
4135,0
4136,0
4137,0
4138,6
4139,0
4140,0
4141,0
4142,6
4143,0
4144,0
4145,0
4146,0
4147,3
4148,3
4149,6
4150,0
4151,0
4152,0
4153,0
4154,6
4155,6
4156,0
4157,0
4158,6
4159,6
4160,0
4161,6
4162,0
4163,0
4164,0
4165,6
4166,0
4167,0
4168,0
4169,6
4170,0
4171,0
4172,0
4173,0
4174,0
4175,0
4176,0
4177,6
4178,0
4179,0
4180,0
4181,0
4182,0
4183,6
4184,6
4185,0
4186,0
4187,0
4188,0
4189,0
4190,6
4191,6
4192,6
4193,6
4194,6
4195,6
4196,6
4197,6
4198,6
4199,6
4200,6
4201,6
4202,6
4203,0
4204,6
4205,6
4206,6
4207,6
4208,0
4209,6
4210,6
4211,0
4212,0
4213,0
4214,0
4215,3
4216,0
4217,0
4218,0
4219,6
4220,0
4221,0
4222,0
4223,0
4224,0
4225,0
4226,0
4227,6
4228,6
4229,6
4230,0
4231,0
4232,0
4233,0
4234,6
4235,0
4236,0
4237,6
4238,0
4239,0
4240,0
4241,0
4242,0
4243,6
4244,6
4245,0
4246,0
4247,0
4248,0
4249,0
4250,0
4251,0
4252,0
4253,0
4254,0
4255,0
4256,3
4257,0
4258,0
4259,0
4260,0
4261,0
4262,0
4263,0
4264,0
4265,0
4266,0
4267,0
4268,0
4269,0
4270,0
4271,0
4272,0
4273,0
4274,6
4275,6
4276,0
4277,6
4278,6
4279,6
4280,6
4281,6
4282,6
4283,6
4284,0
4285,0
4286,0
4287,0
4288,0
4289,0
4290,0
4291,0
4292,0
4293,0
4294,6
4295,0
4296,0
4297,0
4298,0
4299,6
4300,6
4301,6
4302,6
4303,0
4304,0
4305,0
4306,0
4307,0
4308,3
4309,0
4310,0
4311,0
4312,0
4313,0
4314,0
4315,0
4316,0
4317,6
4318,0
4319,0
4320,0
4321,0
4322,0
4323,0
4324,0
4325,0
4326,0
4327,6
4328,6
4329,6
4330,6
4331,0
4332,0
4333,0
4334,6
4335,6
4336,6
4337,6
4338,0
4339,0
4340,0
4341,0
4342,0
4343,0
4344,0
4345,0
4346,0
4347,0
4348,0
4349,0
4350,0
4351,0
4352,6
4353,6
4354,6
4355,6
4356,0
4357,6
4358,6
4359,6
4360,6
4361,6
4362,6
4363,0
4364,0
4365,6
4366,0
4367,6
4368,0
4369,0
4370,0
4371,6
4372,0
4373,0
4374,0
4375,0
4376,0
4377,0
4378,0
4379,6
4380,0
4381,0
4382,0
4383,0
4384,0
4385,0
4386,0
4387,0
4388,6
4389,6
4390,0
4391,0
4392,0
4393,0
4394,6
4395,0
4396,6
4397,0
4398,0
4399,0
4400,6
4401,0
4402,0
4403,0
4404,6
4405,6
4406,6
4407,0
4408,0
4409,6
4410,0
4411,0
4412,6
4413,0
4414,6
4415,0
4416,0
4417,0
4418,0
4419,0
4420,2
4421,6
4422,0
4423,0
4424,0
4425,0
4426,0
4427,0
4428,0
4429,0
4430,0
4431,0
4432,0
4433,6
4434,0
4435,0
4436,0
4437,6
4438,0
4439,0
4440,0
4441,0
4442,0
4443,0
4444,6
4445,0
4446,6
4447,6
4448,6
4449,6
4450,6
4451,6
4452,6
4453,6
4454,0
4455,0
4456,0
4457,0
4458,0
4459,0
4460,0
4461,0
4462,0
4463,6
4464,0
4465,0
4466,0
4467,6
4468,6
4469,0
4470,6
4471,6
4472,6
4473,0
4474,6
4475,0
4476,6
4477,6
4478,6
4479,0
4480,6
4481,0
4482,6
4483,6
4484,6
4485,6
4486,0
4487,6
4488,6
4489,6
4490,6
4491,0
4492,6
4493,6
4494,6
4495,6
4496,6
4497,0
4498,0
4499,0
4500,6
4501,6
4502,6
4503,0
4504,0
4505,6
4506,6
4507,6
4508,6
4509,3
4510,6
4511,6
4512,6
4513,6
4514,6
4515,6
4516,6
4517,0
4518,0
4519,0
4520,0
4521,0
4522,0
4523,0
4524,0
4525,0
4526,0
4527,0
4528,0
4529,0
4530,0
4531,0
4532,0
4533,0
4534,0
4535,0
4536,0
4537,0
4538,0
4539,0
4540,0
4541,0
4542,0
4543,0
4544,0
4545,0
4546,0
4547,0
4548,0
4549,0
4550,0
4551,6
4552,0
4553,0
4554,0
4555,0
4556,0
4557,0
4558,0
4559,0
4560,0
4561,0
4562,0
4563,0
4564,0
4565,0
4566,0
4567,0
4568,0
4569,0
4570,0
4571,6
4572,0
4573,0
4574,0
4575,6
4576,0
4577,6
4578,0
4579,0
4580,6
4581,0
4582,0
4583,0
4584,0
4585,0
4586,0
4587,0
4588,0
4589,0
4590,0
4591,0
4592,0
4593,0
4594,0
4595,0
4596,0
4597,0
4598,0
4599,0
4600,0
4601,0
4602,0
4603,0
4604,0
4605,0
4606,0
4607,0
4608,0
4609,0
4610,0
4611,0
4612,0
4613,0
4614,0
4615,3
4616,0
4617,0
4618,0
4619,6
4620,0
4621,0
4622,0
4623,0
4624,0
4625,0
4626,0
4627,0
4628,0
4629,0
4630,0
4631,0
4632,0
4633,0
4634,0
4635,0
4636,0
4637,0
4638,0
4639,0
4640,0
4641,0
4642,0
4643,0
4644,6
4645,0
4646,0
4647,0
4648,3
4649,0
4650,0
4651,0
4652,6
4653,0
4654,0
4655,0
4656,0
4657,0
4658,0
4659,0
4660,0
4661,6
4662,2
4663,0
4664,0
4665,0
4666,0
4667,0
4668,0
4669,0
4670,0
4671,0
4672,0
4673,0
4674,0
4675,0
4676,0
4677,0
4678,0
4679,0
4680,0
4681,0
4682,0
4683,6
4684,0
4685,0
4686,0
4687,0
4688,0
4689,0
4690,6
4691,0
4692,0
4693,3
4694,0
4695,0
4696,0
4697,0
4698,0
4699,0
4700,0
4701,0
4702,0
4703,0
4704,0
4705,0
4706,0
4707,0
4708,0
4709,0
4710,0
4711,0
4712,0
4713,0
4714,0
4715,0
4716,6
4717,0
4718,0
4719,0
4720,0
4721,6
4722,0
4723,0
4724,6
4725,0
4726,0
4727,0
4728,0
4729,0
4730,6
4731,0
4732,6
4733,0
4734,0
4735,0
4736,0
4737,0
4738,0
4739,0
4740,0
4741,0
4742,6
4743,6
4744,0
4745,0
4746,0
4747,6
4748,6
4749,0
4750,0
4751,0
4752,6
4753,6
4754,0
4755,0
4756,0
4757,0
4758,0
4759,6
4760,0
4761,0
4762,0
4763,0
4764,0
4765,0
4766,6
4767,0
4768,6
4769,0
4770,0
4771,0
4772,6
4773,0
4774,0
4775,0
4776,6
4777,0
4778,0
4779,6
4780,0
4781,6
4782,0
4783,0
4784,6
4785,0
4786,0
4787,0
4788,0
4789,6
4790,0
4791,0
4792,0
4793,0
4794,0
4795,0
4796,0
4797,0
4798,0
4799,6
4800,0
4801,0
4802,6
4803,0
4804,0
4805,6
4806,6
4807,0
4808,6
4809,0
4810,3
4811,6
4812,3
4813,0
4814,0
4815,6
4816,0
4817,0
4818,0
4819,0
4820,0
4821,0
4822,0
4823,0
4824,0
4825,0
4826,0
4827,0
4828,6
4829,0
4830,0
4831,6
4832,0
4833,0
4834,0
4835,0
4836,0
4837,0
4838,6
4839,0
4840,0
4841,6
4842,6
4843,6
4844,0
4845,6
4846,0
4847,2
4848,0
4849,0
4850,0
4851,0
4852,0
4853,0
4854,0
4855,0
4856,0
4857,0
4858,6
4859,0
4860,6
4861,0
4862,0
4863,0
4864,3
4865,3
4866,0
4867,3
4868,0
4869,3
4870,0
4871,3
4872,6
4873,0
4874,0
4875,0
4876,0
4877,0
4878,0
4879,6
4880,0
4881,0
4882,6
4883,0
4884,0
4885,0
4886,0
4887,6
4888,0
4889,0
4890,0
4891,6
4892,0
4893,0
4894,0
4895,0
4896,0
4897,6
4898,0
4899,0
4900,0
4901,0
4902,0
4903,0
4904,0
4905,6
4906,0
4907,0
4908,0
4909,2
4910,0
4911,0
4912,0
4913,0
4914,0
4915,0
4916,0
4917,0
4918,0
4919,0
4920,0
4921,0
4922,0
4923,0
4924,0
4925,0
4926,0
4927,0
4928,0
4929,6
4930,6
4931,6
4932,0
4933,0
4934,6
4935,0
4936,6
4937,0
4938,0
4939,6
4940,0
4941,0
4942,0
4943,0
4944,0
4945,0
4946,0
4947,6
4948,0
4949,0
4950,0
4951,0
4952,0
4953,6
4954,0
4955,0
4956,0
4957,0
4958,0
4959,0
4960,0
4961,0
4962,6
4963,0
4964,6
4965,6
4966,0
4967,0
4968,0
4969,0
4970,0
4971,0
4972,0
4973,0
4974,0
4975,0
4976,0
4977,0
4978,0
4979,0
4980,0
4981,0
4982,0
4983,0
4984,0
4985,0
4986,0
4987,0
4988,0
4989,0
4990,0
4991,6
4992,0
4993,6
4994,0
4995,0
4996,0
4997,0
4998,0
4999,0
5000,0
5001,0
5002,0
5003,0
5004,0
5005,0
5006,0
5007,0
5008,0
5009,0
5010,0
5011,0
5012,0
5013,6
5014,0
5015,3
5016,0
5017,6
5018,3
5019,0
5020,0
5021,0
5022,0
5023,6
5024,0
5025,6
5026,0
5027,0
5028,0
5029,0
5030,0
5031,6
5032,0
5033,6
5034,0
5035,0
5036,0
5037,0
5038,0
5039,0
5040,0
5041,6
5042,0
5043,0
5044,6
5045,0
5046,0
5047,0
5048,0
5049,6
5050,0
5051,0
5052,0
5053,0
5054,0
5055,6
5056,0
5057,0
5058,2
5059,6
5060,0
5061,0
5062,0
5063,0
5064,0
5065,0
5066,0
5067,0
5068,6
5069,0
5070,0
5071,0
5072,0
5073,6
5074,0
5075,0
5076,6
5077,0
5078,0
5079,0
5080,0
5081,0
5082,0
5083,0
5084,0
5085,0
5086,0
5087,0
5088,0
5089,0
5090,0
5091,0
5092,0
5093,6
5094,0
5095,6
5096,0
5097,0
5098,0
5099,0
5100,0
5101,6
5102,0
5103,0
5104,0
5105,0
5106,0
5107,0
5108,0
5109,0
5110,0
5111,6
5112,0
5113,0
5114,0
5115,0
5116,6
5117,6
5118,3
5119,0
5120,0
5121,0
5122,3
5123,0
5124,0
5125,0
5126,0
5127,0
5128,0
5129,0
5130,0
5131,6
5132,0
5133,6
5134,0
5135,0
5136,0
5137,0
5138,0
5139,0
5140,2
5141,2
5142,2
5143,0
5144,0
5145,0
5146,6
5147,0
5148,0
5149,0
5150,0
5151,0
5152,6
5153,6
5154,6
5155,0
5156,0
5157,0
5158,0
5159,0
5160,0
5161,0
5162,0
5163,0
5164,0
5165,0
5166,0
5167,0
5168,0
5169,0
5170,0
5171,0
5172,0
5173,0
5174,0
5175,0
5176,0
5177,0
5178,0
5179,0
5180,0
5181,0
5182,0
5183,0
5184,0
5185,0
5186,0
5187,0
5188,0
5189,0
5190,0
5191,0
5192,0
5193,0
5194,0
5195,0
5196,0
5197,0
5198,0
5199,0
5200,0
5201,0
5202,0
5203,0
5204,0
5205,0
5206,0
5207,0
5208,0
5209,0
5210,0
5211,0
5212,0
5213,0
5214,6
5215,0
5216,6
5217,0
5218,0
5219,6
5220,0
5221,6
5222,0
5223,0
5224,0
5225,0
5226,0
5227,0
5228,0
5229,0
5230,0
5231,0
5232,6
5233,6
5234,0
5235,0
5236,0
5237,0
5238,0
5239,0
5240,0
5241,0
5242,0
5243,0
5244,0
5245,0
5246,0
5247,0
5248,0
5249,6
5250,0
5251,6
5252,6
5253,6
5254,6
5255,6
5256,0
5257,6
5258,0
5259,0
5260,0
5261,0
5262,0
5263,0
5264,0
5265,0
5266,0
5267,0
5268,0
5269,0
5270,6
5271,0
5272,0
5273,0
5274,6
5275,6
5276,0
5277,6
5278,0
5279,0
5280,0
5281,0
5282,0
5283,0
5284,0
5285,0
5286,0
5287,0
5288,3
5289,0
5290,0
5291,0
5292,0
5293,0
5294,0
5295,0
5296,0
5297,0
5298,0
5299,0
5300,0
5301,0
5302,0
5303,3
5304,3
5305,0
5306,0
5307,0
5308,0
5309,0
5310,0
5311,0
5312,0
5313,0
5314,0
5315,0
5316,0
5317,6
5318,0
5319,0
5320,0
5321,0
5322,6
5323,6
5324,0
5325,6
5326,0
5327,0
5328,3
5329,0
5330,0
5331,6
5332,6
5333,3
5334,6
5335,0
5336,0
5337,0
5338,0
5339,0
5340,0
5341,0
5342,0
5343,0
5344,0
5345,0
5346,6
5347,0
5348,0
5349,0
5350,0
5351,0
5352,0
5353,0
5354,0
5355,3
5356,6
5357,0
5358,0
5359,0
5360,6
5361,0
5362,0
5363,0
5364,0
5365,0
5366,0
5367,0
5368,0
5369,0
5370,0
5371,0
5372,0
5373,0
5374,0
5375,0
5376,6
5377,6
5378,0
5379,0
5380,0
5381,0
5382,0
5383,0
5384,0
5385,0
5386,0
5387,0
5388,0
5389,0
5390,0
5391,0
5392,0
5393,0
5394,0
5395,0
5396,0
5397,0
5398,0
5399,0
5400,0
5401,0
5402,0
5403,0
5404,0
5405,0
5406,0
5407,0
5408,0
5409,6
5410,6
5411,6
5412,0
5413,6
5414,6
5415,6
5416,6
5417,6
5418,6
5419,6
5420,6
5421,6
5422,6
5423,0
5424,6
5425,0
5426,0
5427,0
5428,0
5429,0
5430,0
5431,0
5432,0
5433,0
5434,0
5435,0
5436,6
5437,0
5438,0
5439,0
5440,0
5441,0
5442,0
5443,6
5444,0
5445,6
5446,6
5447,6
5448,6
5449,0
5450,0
5451,0
5452,0
5453,0
5454,0
5455,0
5456,0
5457,0
